Nome,Email,Assunto,Mensagem,Data
sss,gui.lopes2006@outlook.com,Dúvida,aaaaaaa,16/05/2026 às 01:48
sss,gui.lopes2006@outlook.com,Dúvida,aaaaaaa,16/05/2026 às 01:48
sss,gui.lopes2006@outlook.com,Parceria,Aiii ,16/05/2026 às 01:48
sss,gui.lopes2006@outlook.com,Parceria,Aiii ,16/05/2026 às 01:48
sss,gui.lopes2006@outlook.com,Parceria,Aiii ,16/05/2026 às 01:48
sss,gui.lopes2006@outlook.com,Parceria,Aiii ,16/05/2026 às 01:48
sss,gui.lopes2006@outlook.com,Parceria,Aiii ,16/05/2026 às 01:48
sss,gui.lopes2006@outlook.com,Parceria,Aiii ,16/05/2026 às 01:49
sss,gui.lopes2006@outlook.com,Parceria,Aiii ,16/05/2026 às 01:49
